{
    "$schema": "https://schema.management.azure.com/schemas/2015-01-01/deploymentParameters.json#",
    "contentVersion": "1.0.0.0",
    "parameters": {
        "factoryName": {
            "value": "ticketETLfactory"
        },
        "BlobStorageLS_connectionString": {
            "value": ""
        },
        "AzureSQLLS_password": {
            "value": ""
        },
        "AzureSQLLS_properties_typeProperties_server": {
            "value": "wasay-sqlserver.database.windows.net"
        },
        "AzureSQLLS_properties_typeProperties_database": {
            "value": "ticketdb"
        },
        "AzureSQLLS_properties_typeProperties_userName": {
            "value": "wasay-admin"
        },
        "containerUri": {
            "value": ""
        },
        "containerSasToken": {
            "value": ""
        }
    }
}