{
    "$schema": "http://schema.management.azure.com/schemas/2015-01-01/deploymentTemplate.json#",
    "contentVersion": "1.0.0.0",
    "parameters": {
        "factoryName": {
            "type": "string",
            "metadata": "Data Factory name",
            "defaultValue": "ticketETLfactory"
        },
        "BlobStorageLS_connectionString": {
            "type": "secureString",
            "metadata": "Secure string for 'connectionString' of 'BlobStorageLS'"
        },
        "AzureSQLLS_password": {
            "type": "secureString",
            "metadata": "Secure string for 'password' of 'AzureSQLLS'"
        },
        "AzureSQLLS_properties_typeProperties_server": {
            "type": "string",
            "defaultValue": "wasay-sqlserver.database.windows.net"
        },
        "AzureSQLLS_properties_typeProperties_database": {
            "type": "string",
            "defaultValue": "ticketdb"
        },
        "AzureSQLLS_properties_typeProperties_userName": {
            "type": "string",
            "defaultValue": "wasay-admin"
        },
        "containerUri": {
            "type": "string",
            "metadata": "URI to storage account containing linked ARM templates"
        },
        "containerSasToken": {
            "type": "string",
            "metadata": "Sas token to storage account containing linked ARM templates"
        }
    },
    "variables": {
        "factoryId": "[concat('Microsoft.DataFactory/factories/', parameters('factoryName'))]"
    },
    "resources": [
        {
            "name": "ticketETLfactory_ArmTemplate_0",
            "type": "Microsoft.Resources/deployments",
            "apiVersion": "2024-03-01",
            "properties": {
                "mode": "incremental",
                "templateLink": {
                    "uri": "[concat(parameters('containerUri'), '/ArmTemplate_0.json', parameters('containerSasToken'))]",
                    "contentVersion": "1.0.0.0"
                },
                "parameters": {
                    "factoryName": {
                        "value": "[parameters('factoryName')]"
                    },
                    "BlobStorageLS_connectionString": {
                        "value": "[parameters('BlobStorageLS_connectionString')]"
                    },
                    "AzureSQLLS_password": {
                        "value": "[parameters('AzureSQLLS_password')]"
                    },
                    "AzureSQLLS_properties_typeProperties_server": {
                        "value": "[parameters('AzureSQLLS_properties_typeProperties_server')]"
                    },
                    "AzureSQLLS_properties_typeProperties_database": {
                        "value": "[parameters('AzureSQLLS_properties_typeProperties_database')]"
                    },
                    "AzureSQLLS_properties_typeProperties_userName": {
                        "value": "[parameters('AzureSQLLS_properties_typeProperties_userName')]"
                    }
                }
            },
            "dependsOn": []
        }
    ]
}